,actor_1_name,gross
687,Johnny Depp,3714788902.0
510,Harrison Ford,3391556163.0
1339,Tom Hanks,3264559076.0
1337,Tom Cruise,2987621999.0
555,J.K. Simmons,2856407143.0
1399,Will Smith,2762617667.0
244,Chris Hemsworth,2729132988.0
823,Leonardo DiCaprio,2640581774.0
1141,Robert Downey Jr.,2456990061.0
619,Jennifer Lawrence,2367856024.0
1151,Robin Williams,2296963991.0
1140,Robert De Niro,2100745158.0
1273,Steve Buscemi,2023386536.0
181,Bruce Willis,2010942570.0
354,Denzel Washington,1896762381.0
910,Matt Damon,1854630902.0
1144,Robert Pattinson,1841497127.0
992,Morgan Freeman,1780514534.0
530,Hugh Jackman,1713313608.0
832,Liam Neeson,1680050511.0
161,Bradley Cooper,1658315287.0
1005,Natalie Portman,1645479776.0
1208,Scarlett Johansson,1612164952.0
251,Christian Bale,1580306365.0
1021,Nicolas Cage,1482670876.0
386,Dwayne Johnson,1412783917.0
138,Bill Murray,1364065018.0
485,Gerard Butler,1318808117.0
219,Channing Tatum,1261312546.0
771,Kevin Spacey,1255364287.0
717,Julia Roberts,1252223284.0
1070,Paul Walker,1181617494.0
751,Keanu Reeves,1178922594.0
76,Angelina Jolie Pitt,1168666328.0
1181,Ryan Reynolds,1162374288.0
1274,Steve Carell,1161437836.0
9,Adam Sandler,1137069543.0
1396,Will Ferrell,1132984634.0
159,Brad Pitt,1127464628.0
596,Jason Statham,1111401945.0
423,Emma Stone,1062653907.0
65,Amy Poehler,1051102844.0
1091,Philip Seymour Hoffman,1024933295.0
1288,Sylvester Stallone,1023650665.0
309,Daniel Radcliffe,978707075.0
918,Matthew McConaughey,915345373.0
917,Matthew Broderick,888532384.0
189,CCH Pounder,859152693.0
523,Henry Cavill,846530799.0
1002,Naomi Watts,845711104.0
183,Bryce Dallas Howard,808719856.0
260,Christopher Lee,788008448.0
492,Glenn Morshower,785546728.0
89,Anthony Hopkins,780617919.0
605,Jeff Bridges,774934528.0
681,John Ratzenberger,760839216.0
1077,Peter Dinklage,749788005.0
1340,Tom Hardy,724395134.0
271,Clint Eastwood,721487233.0
641,Jim Broadbent,716794558.0
20,Al Pacino,708936941.0
948,Michael Gough,705336738.0
21,Alan Rickman,699415604.0
703,Joseph Gordon-Levitt,675997319.0
582,Jamie Lee Curtis,664397475.0
566,Jake Gyllenhaal,662482183.0
935,Meryl Streep,659117002.0
787,Kristen Stewart,655784694.0
276,Colin Firth,643717411.0
714,Judy Greer,634527957.0
563,Jada Pinkett Smith,622461959.0
25,Albert Finney,608720554.0
238,Chloë Grace Moretz,605521625.0
730,Justin Timberlake,595274754.0
689,Jon Favreau,590721315.0
476,Gary Oldman,571413481.0
863,Macaulay Culkin,566365137.0
821,Leonard Nimoy,561449216.0
258,Christoph Waltz,561437511.0
16,Aidan Turner,544629145.0
348,Demi Moore,535709297.0
645,Jim Parsons,535619457.0
616,Jennifer Garner,533995064.0
124,Benedict Cumberbatch,519245027.0
710,Judge Reinhold,518819711.0
88,Anne Hathaway,516845863.0
1152,Robin Wright,514068165.0
1345,Tom Wilkinson,513195013.0
1377,Vin Diesel,509249728.0
1039,Oliver Platt,506256665.0
1177,Ryan Gosling,496884226.0
56,Alyson Hannigan,492148168.0
974,Mila Kunis,488308795.0
1029,Noel Fisher,482587290.0
706,Josh Hutcherson,482485999.0
473,Gary Cole,481420753.0
1323,Tim Holmes,469806152.0
740,Kate Winslet,466820861.0
128,Bernie Mac,466617303.0
353,Dennis Quaid,466004673.0
975,Milla Jovovich,456824565.0
242,Chris Evans,448265275.0
574,James Franco,447036775.0
705,Josh Gad,445402563.0
1200,Sarah Michelle Gellar,444965958.0
627,Jeremy Renner,444756424.0
442,Eva Green,440383485.0
1174,Rupert Everett,436471036.0
525,Henry Thomas,435329102.0
813,Lea Thompson,433072165.0
207,Cary-Hiroyuki Tagawa,423584156.0
1360,Ty Burrell,414974195.0
366,Don Cheadle,410198242.0
1050,Orlando Bloom,403857641.0
1275,Steve Coogan,402960178.0
516,Hayley Atwell,402322663.0
36,Alexander Gould,393532491.0
351,Denis Leary,391903468.0
691,Jon Hamm,390088345.0
41,Alfre Woodard,389954211.0
527,Holly Hunter,385026874.0
638,Jet Li,384661024.0
86,Anna Kendrick,377055830.0
995,Muse Watson,363066972.0
1169,Roy Scheider,362922376.0
1165,Rosario Dawson,359135892.0
1390,Wayne Knight,356784000.0
1014,Nia Long,346221622.0
362,Djimon Hounsou,340541988.0
647,Jimmy Bennett,329550504.0
757,Kelly Macdonald,328457265.0
656,Joe Mantegna,327617273.0
168,Brendan Fraser,327029920.0
1422,Zack Ward,318974116.0
1186,Salma Hayek,317656447.0
944,Michael Biehn,317303341.0
404,Eileen Brennan,315342230.0
1397,Will Forte,313364948.0
134,Bill Cobbs,309782637.0
1015,Nia Vardalos,309672830.0
214,Catherine O'Hara,308697243.0
837,Lin Shaye,308616208.0
1142,Robert Duvall,307246450.0
1065,Paul Hogan,303988925.0
613,Jennifer Ehle,299262889.0
272,Clint Howard,297630675.0
84,Anjelica Huston,291479761.0
947,Michael Fassbender,284199168.0
1272,Steve Bastoni,281492479.0
414,Ellen Burstyn,279650344.0
1342,Tom Selleck,278608014.0
1087,Phaldut Sharma,274084951.0
1317,Tia Carrere,268005644.0
744,Kathleen Freeman,267652016.0
231,Chazz Palminteri,265108821.0
393,Ed Begley Jr.,264271546.0
899,Martin Landau,259561078.0
211,Catherine Dyer,255950375.0
900,Martin Short,253287547.0
784,Kirsten Dunst,249876868.0
300,Damon Wayans Jr.,248103503.0
142,Bingbing Li,245555574.0
585,Janeane Garofalo,245006031.0
96,Ariana Richards,244444097.0
1162,Ronny Cox,238825842.0
1082,Peter Greene,238171003.0
811,LeVar Burton,237787466.0
287,Costas Mandylor,236480800.0
632,Jesse McCartney,235439265.0
657,Joe Morton,234907155.0
10,Adam Scott,233746423.0
1384,Vivica A. Fox,233593676.0
119,Bella Thorne,233133659.0
557,Jack McBrayer,232995036.0
953,Michael Jai White,232414657.0
758,Kelly Preston,231391836.0
454,Finn Wittrock,231207960.0
495,Goran Visnjic,228774923.0
1163,Rory Culkin,228619159.0
927,Mei Melançon,226138454.0
1203,Sarah Silverman,223800512.0
32,Alex Pettyfer,223625327.0
483,George Kennedy,222865002.0
1049,Oprah Winfrey,221393008.0
280,Colm Feore,221233612.0
922,Maura Tierney,220361437.0
517,Heath Ledger,219335451.0
987,Mo'Nique,219015899.0
359,Dianne Wiest,218610781.0
845,Logan Lerman,218226747.0
411,Elizabeth Daily,216392871.0
1213,Scott Glenn,214912156.0
1231,Shailene Woodley,214345767.0
1371,Verne Troyer,213079163.0
1331,Toby Stephens,213023524.0
7,Adam Goldberg,212781988.0
180,Bruce Spence,212743624.0
24,Albert Brooks,212632370.0
471,Fred Gwynne,209574861.0
697,Jonathan Winters,208868163.0
867,Madeline Kahn,205800000.0
35,Alexa PenaVega,205467501.0
1326,Tina Fey,204132043.0
186,Busy Philipps,202704313.0
1075,Peter Capaldi,202351611.0
158,Brad Garrett,200807262.0
928,Mekhi Phifer,199062012.0
514,Hattie McDaniel,198655278.0
543,Ioan Gruffudd,198655105.0
977,Ming-Na Wen,197860083.0
667,John Belushi,195800000.0
1370,Vanessa Williams,194966877.0
693,Jon Lovitz,194077176.0
48,Alicia Witt,193144041.0
505,Haley Joel Osment,189258098.0
178,Bruce Greenwood,189245019.0
436,Essie Davis,188811421.0
268,Clea DuVall,187495410.0
1019,Nick Stahl,186735955.0
13,Adriana Caselotti,184925485.0
1060,Patrick Fugit,184491759.0
904,Mary McDonnell,184208848.0
775,Ki Hong Lee,184101193.0
427,Eric Dane,183201170.0
735,Karen Allen,182618434.0
1425,Zooey Deschanel,181844082.0
898,Martin Kove,181600000.0
954,Michael Jeter,181500091.0
110,Bam Margera,181492168.0
1042,Olivia Newton-John,181360000.0
149,Bob Hoskins,180583004.0
684,John Witherspoon,180160295.0
1321,Tim Blake Nelson,179671561.0
598,Javier Botet,173898395.0
894,Marlon Brando,171482000.0
438,Ethan Embry,170778354.0
357,Desmond Llewelyn,170100000.0
960,Michael Rapaport,169598973.0
912,Matt Lucas,169076745.0
487,Giancarlo Giannini,168368427.0
881,Margot Kidder,168200000.0
1221,Sean Patrick Thomas,166113226.0
1172,Rufus Sewell,165715334.0
407,Eleanor Parker,163214286.0
1322,Tim Conway,162495848.0
887,Mark Addy,161904554.0
239,Chris Brown,161791781.0
27,Aldis Hodge,161029270.0
139,Billy Burke,160542036.0
1202,Sarah Roemer,160100342.0
1036,Odeya Rush,160043480.0
866,Madeline Carroll,158383657.0
1330,Toby Jones,156465418.0
1101,Quvenzhané Wallis,155363529.0
341,Dean Stockwell,154018779.0
521,Heather O'Rourke,153200000.0
1283,Stockard Channing,152293687.0
227,Charlize Theron,151498011.0
1104,Radha Mitchell,151206074.0
972,Mike Vogel,150627765.0
805,Laura-Leigh,150368971.0
1194,Sanaa Lathan,150282161.0
290,Craig Roberts,150056505.0
794,LL Cool J,149478255.0
223,Charlie Hunnam,149166930.0
509,Harold Ramis,148734225.0
860,Lupe Ontiveros,148688074.0
809,Lauren Holly,148588856.0
433,Erika Christensen,148577195.0
1092,Phoebe Cates,148170000.0
347,Delroy Lindo,147905873.0
599,Jay Hernandez,146814878.0
1046,Omar Epps,146107198.0
1156,Roger Rees,145721356.0
951,Michael Imperioli,144741062.0
1117,Rene Russo,144731527.0
589,Jason Flemyng,143417634.0
908,Matt Bomer,143097394.0
966,Miguel Ferrer,142926410.0
364,Dominic Cooper,142907866.0
869,Mahadeo Shivraj,142614158.0
983,Miriam Margolyes,141840060.0
82,Anil Kapoor,141319195.0
518,Heather Donahue,140530114.0
367,Don Johnson,140092020.0
1363,Tzi Ma,140080850.0
1006,Natascha McElhone,138811383.0
1344,Tom Welling,138614544.0
865,Mackenzie Foy,137458714.0
955,Michael Kelly,137437329.0
725,Julie Walters,136449951.0
833,Lili Taylor,136448821.0
179,Bruce McGill,136289742.0
466,Frank Welker,135781921.0
572,James D'Arcy,135741249.0
680,John Michael Higgins,134496011.0
603,Jeanne Tripplehorn,133994057.0
978,Minnie Driver,133745297.0
80,Angus T. Jones,132541238.0
770,Kevin Rankin,132122995.0
1227,Seychelle Gabriel,131564731.0
1041,Olivia Munn,130997840.0
1255,Sofia Boutella,130468626.0
463,Francesca Capaldi,130174897.0
336,David Oyelowo,129746073.0
856,Luenell,128505958.0
148,Bob Balaban,128300000.0
236,Chen Chang,128067808.0
604,Jeff Bennett,127706877.0
658,Joel Courtney,126975169.0
277,Colin Salmon,126930660.0
630,Jerry Ferrara,125468116.0
1380,Vincent Schiavelli,125332007.0
1286,Suraj Sharma,124976634.0
425,Emmanuelle Vaugier,124964875.0
848,Loretta Devine,124807145.0
959,Michael O'Neill,124107476.0
310,Daniel Roebuck,123830892.0
800,Larry Miller,123423449.0
631,Jerry Stiller,123179834.0
327,David Carradine,122035783.0
1300,Taylor Lautner,121747073.0
264,Cicely Tyson,121441074.0
755,Kelli Garner,120745325.0
1259,Sophia Myles,120570879.0
724,Julie Christie,120551070.0
1195,Sandra Ellis Lafferty,119518352.0
1052,Osama bin Laden,119078393.0
153,Bojana Novakovic,118931492.0
1376,Viggo Mortensen,118382056.0
1043,Olivia Wilde,116929267.0
655,Joe Lo Truglio,115903984.0
1143,Robert Forster,115742969.0
1236,Sharlto Copley,115646235.0
5,Adam Baldwin,115457325.0
1159,Romany Malco,115371361.0
1270,Stephen Root,115232456.0
541,Imelda Staunton,114236922.0
50,Alison Brie,113635028.0
373,Donald Pleasence,113551178.0
1033,Norman Reedus,113393959.0
248,Chris Noth,113280368.0
1110,Raven-Symoné,112950721.0
1129,Richard Tyson,112929373.0
1209,Scatman Crothers,112000000.0
508,Harold Perrineau,110661318.0
692,Jon Heder,110636376.0
852,Louis Lombardi,110584646.0
66,Amy Schumer,110008260.0
1116,Regina Hall,110000082.0
259,Christopher Lambert,109630350.0
721,Julian Sands,109206639.0
464,Frank Grillo,108120110.0
157,Boris Kodjoe,107977218.0
941,Micah Sloat,107917283.0
593,Jason Patric,107714483.0
499,Greg Grunberg,107518241.0
911,Matt Frewer,107503316.0
71,Andrew Garfield,107019400.0
197,Candice Bergen,106807667.0
553,Izabella Scorupco,106635996.0
282,Connie Nielsen,106030978.0
100,Art Hindle,105500000.0
1421,Zachary Gordon,105213451.0
1375,Victor Wong,105017620.0
343,Deborah Kara Unger,104131296.0
661,Johanna Braddy,104007828.0
1343,Tom Skerritt,103906708.0
304,Dane Cook,103764221.0
224,Charlie Korsmo,103738726.0
325,David Arquette,103465941.0
313,Daniel von Bargen,102678089.0
743,Katharine Ross,102380804.0
154,Bokeem Woodbine,102358162.0
395,Ed Wynn,102300000.0
428,Eric Idle,102084758.0
560,Jackson Nicoll,101978840.0
444,F. Murray Abraham,101785017.0
135,Bill Duke,101774441.0
789,Kristin Scott Thomas,101692637.0
439,Ethan Suplee,101598405.0
109,Bailee Madison,101307416.0
363,Dolly Parton,100620167.0
946,Michael Emerson,100509789.0
1219,Sean Hayes,100446895.0
1136,Rob Riggle,100186876.0
1383,Virginia Madsen,98902303.0
640,Jim Belushi,98867673.0
889,Mark Margolis,98757837.0
793,Kyra Sedgwick,98386491.0
1276,Steve Guttenberg,97300000.0
455,Fionnula Flanagan,96471845.0
503,Gunnar Hansen,96052256.0
468,Frankie Muniz,95622550.0
838,Linda Cardellini,95323508.0
723,Julie Benz,95207488.0
958,Michael Nouri,94900000.0
201,Carmen Perez,93952276.0
903,Mary Lynn Rajskub,93816164.0
819,Lena Olin,93469845.0
202,Carol Ann Susi,93375151.0
377,Dorian Missick,93307796.0
301,Dan Byrd,93208724.0
1410,Woody Allen,93142719.0
1008,Natasha Lyonne,92865098.0
182,Bruno Kirby,92823600.0
162,Bradley Whitford,92115211.0
919,Matthew Perry,91624165.0
830,Li Gong,91505776.0
474,Gary Dourdan,91158241.0
704,Josh Charles,90775144.0
840,Lisa Ann Walter,90741522.0
117,Beau Mirchoff,90703745.0
855,Lucas Grabeel,90556401.0
672,John Doman,90135191.0
6,Adam Garcia,90104432.0
963,Michael Wincott,89345526.0
392,Eartha Kitt,89296573.0
759,Kelly Rutherford,89138076.0
1254,Snoop Dogg,88200225.0
1398,Will Patton,87704396.0
970,Mike Starr,86383279.0
826,Leslie Bibb,86005185.0
1351,Tony Goldwyn,84915327.0
1261,Sprague Grayden,84749884.0
626,Jeremy Irvine,84504796.0
929,Mel Blanc,84300000.0
321,Darcy Donavan,84136909.0
762,Ken Howard,83429088.0
1081,Peter Graves,83400000.0
742,Katharine Isabelle,82163317.0
980,Miranda Cosgrove,81257845.0
570,James Coburn,81165565.0
663,John Amos,81152746.0
390,Dylan Walsh,81022333.0
815,Leighton Meester,80698331.0
1356,Treat Williams,80276912.0
44,Alice Greczyn,80270227.0
323,Daryl Sabara,80245349.0
67,Ana de la Reguera,80197993.0
417,Emily Osment,79566871.0
1098,Quentin Tarantino,79222016.0
768,Kevin Nash,78656813.0
93,Archie Panjabi,77736010.0
511,Harry Lennix,76837944.0
1353,Topher Grace,75889322.0
895,Marsha Thomason,75817994.0
1226,Seth MacFarlane,75754670.0
1333,Todd Stashwick,75604320.0
936,Mhairi Calvey,75600000.0
315,Danneel Ackles,75568608.0
973,Miko Hughes,75559360.0
389,Dylan Baker,75389481.0
620,Jennifer Saunders,75280058.0
1407,William Smith,75148373.0
3,Abbie Cornish,75103149.0
437,Estella Warren,74978872.0
445,Faizon Love,74864529.0
481,George Carlin,74787599.0
1234,Shannon Elizabeth,74721600.0
176,Britney Spears,74377334.0
1007,Natasha Henstridge,74149752.0
1413,Yaphet Kotto,73522105.0
831,Liam Aiken,73431127.0
360,Diedrich Bader,73354869.0
1367,Usher Raymond,73000942.0
1135,Rob Paulsen,72601713.0
294,Curtiss Cook,72515360.0
1393,Wes Studi,72455275.0
1223,Sean Young,72217000.0
529,Hope Davis,72167039.0
624,Jeremy Brett,72000000.0
383,Drew Powell,71975611.0
984,Misha Gabriel Hamilton,71844424.0
465,Frank Langella,71645930.0
1030,Noel Gugliemi,71519230.0
333,David Lyons,71346930.0
1011,Nathan Lane,71227464.0
296,D.B. Woodside,71038190.0
561,Jacob Tremblay,71017784.0
588,Jason Alexander,70836296.0
1178,Ryan Guzman,70442892.0
1185,Sally Kirkland,70405498.0
1111,Ray Winstone,70085814.0
34,Alex Veadov,70011073.0
171,Brian Dennehy,70000986.0
400,Eddie Marsan,68925666.0
822,Leonard Roberts,68912300.0
378,Doug E. Doug,68856263.0
712,Judith Barsi,68855859.0
1017,Nicholas Lea,68473360.0
1061,Patrick Macnee,68286000.0
200,Carmen Electra,67956980.0
851,Louis Jourdan,67900000.0
229,Charlyne Yi,67523385.0
401,Eddie Redmayne,67183560.0
583,Jamie Renée Smith,67155742.0
1217,Scout Taylor-Compton,66907160.0
1287,Sydney Pollack,66790248.0
786,Krista Allen,66466372.0
286,Cory Hardrict,66359959.0
1210,Scoot McNairy,66239305.0
330,David Hyde Pierce,65060430.0
1238,Shawna Waldron,65000000.0
1118,Rhys Wakefield,64423650.0
396,Eddie Cahill,64371181.0
1147,Robert Ri'chard,64097618.0
942,Michael Angarano,63962560.0
741,Kath Soucie,63624047.0
97,Arliss Howard,63411478.0
1054,Paddy Considine,62636559.0
60,Amber Stevens West,62494975.0
1311,Theo James,62321039.0
718,Julian Glover,62300000.0
571,James Corden,61720593.0
284,Corbin Bernsen,61595075.0
522,Hector Elizondo,61504403.0
131,Beverly D'Angelo,61400000.0
55,Alun Armstrong,61355436.0
888,Mark Gatiss,60988443.0
552,Ivana Milicevic,60720953.0
773,Kevin Zegers,60692045.0
371,Donald Faison,60638478.0
228,Charlotte Rampling,60614232.0
979,Mira Sorvino,60577600.0
1099,Quincy Jones,60507228.0
446,Fann Wong,60470220.0
147,Blythe Danner,60443237.0
241,Chris Elliott,60008303.0
156,Bono,59992760.0
1232,Shane Black,59735548.0
1157,Roma Downey,59696176.0
1207,Sayed Badreya,59617068.0
1379,Vincent Pastore,59302634.0
1369,Vanessa Redgrave,59151114.0
651,Joaquim de Almeida,59068786.0
567,James Babson,59035104.0
45,Alice Krige,58800000.0
754,Keisha Castle-Hughes,58390743.0
91,Antony Starr,58156435.0
208,Cassie Ventura,58006147.0
540,Illeana Douglas,57866996.0
1146,Robert Pine,57859105.0
380,Drake Bell,57842808.0
670,John Cothran,57504069.0
1062,Patton Oswalt,57484734.0
610,Jeffrey Jones,57294308.0
1412,Xander Berkeley,56932305.0
791,Kurt Fuller,56816662.0
753,Keir Dullea,56715371.0
285,Corinna Harney,56607223.0
1155,Roger Allam,56437947.0
519,Heather Locklear,56167398.0
1187,Sam Claflin,56154094.0
1295,Taran Killam,56127162.0
324,Dave Chappelle,55509415.0
127,Bernie Casey,55500000.0
222,Charles S. Dutton,55473600.0
716,Julia Ormond,55255636.0
916,Matt Walsh,55008959.0
340,Dax Flame,54724272.0
565,Jake Busey,54700065.0
434,Esai Morales,54520486.0
1427,Óscar Jaenada,54257433.0
850,Lou Taylor Pucci,54239856.0
873,Manish Dayal,54235441.0
291,Craig Stark,54116191.0
233,Chelan Simmons,54098051.0
914,Matt Shively,53884821.0
965,Michiel Huisman,53267732.0
452,Fernanda Andrade,53245055.0
890,Mark Rylance,52792307.0
1045,Olivier Martinez,52752475.0
225,Charlie McDermott,52722460.0
957,Michael Moore,52481794.0
896,Marshall Bell,52287414.0
858,Luke Bracey,51746151.0
429,Eric Mendenhall,51697449.0
622,Jensen Ackles,51527787.0
165,Brenda Song,51432423.0
653,Joe Don Baker,51185897.0
528,Honor Blackman,51100000.0
1171,Rudy Youngblood,50859889.0
424,Emma Watson,50818750.0
546,Isaac Hempstead Wright,50807639.0
1180,Ryan O'Neal,50800000.0
797,Lane Smith,50752337.0
612,Jenna Fischer,50306511.0
745,Kathleen Quinlan,50129186.0
1354,Topol,50000000.0
69,Andrea Corr,49994804.0
834,Lilli Lavine,49968653.0
648,Jimmy Fallon,49454062.0
733,Kane Hodder,49449045.0
1426,Zoë Kravitz,49447710.0
1359,Tuesday Knight,49369900.0
1216,Scott Porter,49134684.0
349,Demián Bichir,49061869.0
646,Jim Sturgess,48772779.0
305,Dania Ramirez,48114556.0
314,Danielle Kotch,48056940.0
412,Elizabeth McGovern,48043505.0
1228,Seymour Cassel,47812413.0
479,Gena Rowlands,47806295.0
141,Billy Crudup,47800799.0
70,Andrew Fiscella,47680687.0
106,Ayelet Zurer,47379090.0
686,Johnny Cannizzaro,47034272.0
1297,Tate Donovan,46975183.0
402,Edgar Arreola,46875468.0
206,Caroline Munro,46800000.0
1199,Sarah Carter,46455802.0
114,Barry Watson,46363118.0
289,Craig Parker,45802315.0
1009,Nate Parker,45684633.0
1125,Richard E. Grant,45555988.0
422,Emma Bell,45530757.0
849,Lorraine Bracco,45500797.0
1027,Noah Huntley,45063889.0
1076,Peter Coyote,44989048.0
683,John Saxon,44793200.0
1037,Oliver Hudson,44771061.0
558,Jack Palance,44726644.0
188,Bérénice Bejo,44667095.0
993,Morgan Saylor,44469602.0
440,Eugenio Derbez,44456509.0
939,Mia Sara,44450000.0
804,Laura Ramsey,44433033.0
504,Hal Holbrook,43848100.0
524,Henry Ian Cusick,43755615.0
1134,Rita Moreno,43650000.0
1108,Raoul Bova,43601508.0
1106,Rami Malek,43568507.0
216,Cedric the Entertainer,43230407.0
267,Clayton Snyder,42672630.0
1055,Paige Turco,42660000.0
57,Alyson Stoner,42385520.0
1240,Shelley Duvall,42365600.0
536,Ian Somerhalder,42346686.0
155,Bolo Yeung,41908836.0
1190,Sam Trammell,41797066.0
767,Kevin McNally,41309709.0
99,Armin Mueller-Stahl,41256277.0
808,Lauren German,41227069.0
191,Caleb Landry Jones,40990055.0
608,Jeffrey Combs,40846082.0
1237,Sharon Small,40566655.0
802,Laura Harring,40534417.0
501,Gregory Smith,40507309.0
461,Frances Conroy,40418944.0
614,Jennifer Esposito,40363530.0
123,Ben Gazzara,40250028.0
633,Jessica Barden,40247512.0
644,Jim Meskimen,40218903.0
698,Jordana Brewster,40161748.0
615,Jennifer Freeman,40066497.0
1112,Raymond Cruz,40048332.0
435,Essence Atkins,40041683.0
456,Fisher Stevens,39849547.0
210,Catherine Deneuve,39758027.0
317,Danny Huston,39568996.0
460,Frances Bavier,39552600.0
1381,Vinessa Shaw,39514713.0
108,Bai Ling,39251128.0
102,Ashley Williams,39026186.0
846,Lois Smith,39025000.0
1307,Teo Halm,38916903.0
579,James Wilcox,38543473.0
577,James Martin Kelly,38509342.0
1293,Talulah Riley,38372662.0
650,Joan Rivers,38119483.0
1247,Shô Kosugi,38105077.0
163,Brandon T. Jackson,37911876.0
700,Jordi Mollà,37734246.0
420,Emily Watson,37730566.0
1128,Richard Lawson,37672350.0
551,Ivana Baquero,37623143.0
61,Amber Valletta,37486138.0
122,Ben Feldman,37445090.0
1318,Tiago Riani,37432299.0
152,Bobby Lee,37371385.0
533,Hunter Parrish,37150328.0
132,Bianca Kajlich,37053924.0
841,Lisa Edelstein,37036404.0
1395,Wilford Brimley,36875520.0
1078,Peter Firth,36874745.0
1280,Steven Anthony Lawrence,36830057.0
144,Blair Brown,36279230.0
1327,Tina Turner,36200000.0
1120,Richard Brooker,36200000.0
226,Charlie Rowe,36073232.0
4,Adam Arkin,36037909.0
352,Denis O'Hare,36020063.0
494,Gloria Grahame,36000000.0
1122,Richard Burton,36000000.0
172,Brian Thompson,35927406.0
1028,Noah Taylor,35811509.0
807,Lauren Cohan,35794166.0
1269,Stephen Rea,35777645.0
1382,Violante Placido,35596227.0
1301,Taylor Negron,35541044.0
694,Jon Seda,35422828.0
345,Debra Messing,35228696.0
1020,Nicki Aycox,35143332.0
746,Kathleen Turner,35023294.0
701,Joseph Cotten,34900000.0
871,Mako,34900000.0
98,Armando Riesco,34889970.0
1139,Robert Davi,34667015.0
913,Matt Price,34580635.0
1350,Tony Curran,34548559.0
643,Jim Gaffigan,34534524.0
121,Ben Davies,34522221.0
1048,Omari Hardwick,34414510.0
1201,Sarah Polley,34236941.0
677,John Kapelos,33927476.0
618,Jennifer Jason Leigh,33856141.0
193,Callum Rennie,33734415.0
782,Kirk Cameron,33451479.0
1184,Sally Hawkins,33404871.0
111,Barack Obama,33349949.0
931,Melina Kanakaredes,33328051.0
212,Catherine Hicks,33244684.0
906,Mathieu Kassovitz,33201661.0
1325,Tina Desai,33071558.0
628,Jeremy Shada,32774834.0
711,Judie Aronson,32600000.0
1057,Pamela Reed,32598931.0
835,Lily Atkinson,32553210.0
416,Emilia Fox,32519322.0
875,Marc Blucas,32474855.0
1123,Richard Cabral,32453345.0
39,Alexis Arquette,32368960.0
470,Françoise Yip,32333860.0
331,David Jason Perez,32230907.0
1284,Sullivan Stapleton,32131483.0
606,Jeff Fahey,32101000.0
177,Brittany Daniel,32079854.0
1405,William McNamara,32051917.0
886,Marisa Saks,32014289.0
1121,Richard Burgi,32003620.0
587,Janet Leigh,32000000.0
1004,Nat Wolff,31990064.0
78,Angie Dickinson,31899000.0
1189,Sam Shepard,31704416.0
556,Jack Davenport,31585300.0
1241,Shelley Hennig,31537320.0
1016,Nicholas Gonzalez,31526393.0
95,Ari Graynor,31487293.0
253,Christian Clemenson,31471430.0
486,Gerry Bednob,31452765.0
270,Clifton Collins Jr.,31393188.0
462,Frances Fisher,31317933.0
1408,Willie Garson,31286130.0
1137,Robert Baker,31199215.0
103,Augustus Prew,31136950.0
1024,Noah Bean,30993544.0
0,50 Cent,30981850.0
397,Eddie Cibrian,30977478.0
1222,Sean Pertwee,30897167.0
559,Jack Reynor,30659817.0
1249,Sid Haig,30648144.0
1320,Tika Sumpter,30513940.0
146,Blanchard Ryan,30500882.0
105,Austin Pendleton,30400000.0
1,Aaliyah,30307804.0
254,Christian Monzon,30222640.0
1239,Shelley Conn,30212620.0
636,Jessie T. Usher,30127963.0
237,Cheryl Hines,30105968.0
550,Isaiah Washington,30079316.0
447,Fanny Ardant,30012990.0
274,Clu Gulager,30000000.0
1131,Rick Yune,29986898.0
600,Jay Laga'aia,29975979.0
1166,Rosie Perez,29781453.0
836,Lily Tomlin,29239123.0
332,David Keith,29200721.0
708,Josh Wingate,29136626.0
308,Daniel Mays,28995450.0
512,Harry Styles,28873374.0
1132,Rip Torn,28718433.0
776,Kieran Culkin,28649826.0
1313,Thomas F. Wilson,28603428.0
621,Jenny Agutter,28501605.0
1278,Steve Irwin,28399192.0
961,Michael Smiley,28212088.0
761,Ken Arnold,28064226.0
901,Martin Starr,27947064.0
1420,Zach Gilford,27845637.0
564,Jaime King,27834732.0
205,Caroline Dhavernas,27758465.0
795,Laila Haley,27736779.0
576,James Lafferty,27689474.0
1170,Ruby Dee,27545445.0
586,Janet Jackson,27515786.0
774,Khandi Alexander,27332035.0
1271,Sterling Jerins,27285953.0
1282,Steven Mackintosh,27281507.0
1402,William Holden,27200000.0
532,Hulk Hogan,26906039.0
688,Johnny Lewis,26876529.0
288,Craig Ferguson,26872749.0
893,Marley Shelton,26832953.0
1409,Wood Harris,26803366.0
554,J.D. Evermore,26616999.0
426,Eoin Macken,26583369.0
1388,Warren Beatty,26525834.0
778,Kim Director,26421314.0
1130,Richard Wilson,26400000.0
1250,Sierra McCormick,26161406.0
406,Elden Henson,26096584.0
62,America Ferrera,26091888.0
1285,Sunny Mabrey,26082914.0
293,Curtis Armstrong,26057326.0
864,Mackenzie Davis,26049082.0
997,MyAnna Buring,26032205.0
575,James Kyson,25926543.0
1361,Tyler James Williams,25771218.0
727,Justin Chon,25677097.0
635,Jessica Paré,25662242.0
578,James Nesbitt,25611458.0
623,Jere Burns,25590119.0
750,Kay Panabaker,25584685.0
1089,Phil Vischer,25571351.0
967,Mike Epps,25482931.0
379,Dougray Scott,25472967.0
408,Elina Alminas,25440971.0
337,David Paymer,25436324.0
413,Ellar Coltrane,25359200.0
829,Lexie Contursi,25240988.0
720,Julian Richings,25239347.0
872,Malese Jow,25200412.0
772,Kevin Sussman,25077977.0
448,Farrah Fawcett,25000000.0
1013,Nehemiah Persoff,25000000.0
256,Christine Taylor,24881000.0
1148,Robert Shaw,24800000.0
129,Beth Grant,24755929.0
1080,Peter Gallagher,24741700.0
713,Judith Chapman,24430272.0
87,Annabella Sciorra,24379028.0
467,Frank Whaley,24276500.0
1256,Sonia Braga,24044532.0
874,Mara Wilson,24030538.0
278,Collette Wolfe,23993605.0
51,Alison Lohman,23847851.0
43,Alice Braga,23671374.0
998,Myrna Loy,23650000.0
133,Bill Bailey,23618786.0
738,Kasia Smutniak,23324666.0
1206,Sasha Roiz,23219748.0
515,Hayden Christensen,22936528.0
1304,Telly Savalas,22800000.0
1086,Pfeifer Brown,22757819.0
766,Kevin Grevioux,22734486.0
1105,Rainn Wilson,22526144.0
649,Joan Allen,22515286.0
1253,Sissy Spacek,22495912.0
760,Kelsey Grammer,22452209.0
477,Gary Weeks,22331028.0
199,Carlos Ponce,22264487.0
880,Margaret Hamilton,22202612.0
545,Isaac Hayes,22201636.0
842,Lisa Wilcox,22168359.0
923,Max Minghella,22044645.0
719,Julian Morris,22016851.0
17,Aimee Garcia,21835784.0
792,Kurtwood Smith,21732190.0
1119,Ricardo Darín,21388685.0
409,Elisabeth Harnois,21379315.0
339,David Zayas,21371425.0
1281,Steven Bauer,21370057.0
1319,Tiffany Helm,21300000.0
982,Mireille Enos,20999936.0
985,Mitch Pileggi,20981633.0
432,Erick Avari,20819129.0
607,Jeff Kober,20801344.0
125,Benjamin A. Onyango,20773070.0
666,John Beasley,20733485.0
1352,Tony Nappo,20433940.0
1392,Wendi McLendon-Covey,20339754.0
151,Bobbie Phillips,20302961.0
1244,Sheryl Lee,20241395.0
685,John de Lancie,20210523.0
1302,Ted Danson,20113965.0
54,Alona Tal,19692608.0
451,Fergie,19673424.0
26,Alden Ehrenreich,19445217.0
1073,Pedro Armendáriz Jr.,19406406.0
58,Amanda Detmer,19351569.0
1406,William Schallert,19281235.0
1090,Philip Baker Hall,19206487.0
1001,Nancy O'Dell,19184015.0
247,Chris Moss,19179969.0
1404,William Hurt,19158074.0
255,Christina Milian,19118247.0
130,Betsy Palmer,19100000.0
828,Lew Temple,19067631.0
190,Caitlin Stasey,19059018.0
328,David Gant,18947630.0
249,Chris Zylka,18860403.0
756,Kelly Carlson,18843314.0
1167,Roxanne McKee,18821279.0
1138,Robert Clohessy,18600911.0
1294,Tammin Sursok,18595716.0
480,Geoffrey Arend,18488314.0
674,John Gatins,18438149.0
859,Luke Newberry,18381787.0
1324,Tim Meadows,18317151.0
496,Grace Phipps,18298649.0
843,Lochlyn Munro,17969502.0
358,Devin Ratray,17871573.0
1266,Stephen Collins,17843379.0
1044,Olivia Williams,17789458.0
590,Jason London,17757087.0
1389,Warren Christie,17683670.0
263,Christopher Nicholas Smith,17536788.0
1088,Phil Davis,17508670.0
779,Kimberly Elise,17474107.0
150,Bob Neill,17473245.0
1192,Samaire Armstrong,17324744.0
101,Ashley Rickards,17314483.0
59,Amanda Schull,17174870.0
1242,Shengyi Huang,17104669.0
37,Alexander Skarsgård,17099609.0
581,Jamie Kennedy,17010646.0
1411,Woody Strode,17000000.0
1040,Oliver Reed,16800000.0
1051,Ornella Muti,16684352.0
1114,Reba McEntire,16667084.0
594,Jason Priestley,16459004.0
969,Mike Howard,16377274.0
1069,Paul Sorvino,16315694.0
1160,Romola Garai,16210949.0
702,Joseph Gilgun,16110251.0
14,Ahna O'Reilly,16097842.0
905,Mary-Kate Olsen,16095410.0
1366,Ursula Andress,16067035.0
1279,Steve Oedekerk,16033556.0
394,Ed Skrein,16027866.0
1056,Pam Ferris,16005978.0
996,Mustafa Haidari,15797907.0
275,Cole Hauser,15712072.0
502,Gretchen Mol,15539852.0
74,Andy Dick,15464026.0
1315,Thomas Lennon,15408822.0
266,Claudia Christian,15361537.0
1341,Tom Hughes,15294553.0
187,Byron Mann,15156200.0
1415,Yaya DaCosta,15155772.0
937,Mia Farrow,15131330.0
1173,Rumi Hiiragi,15081783.0
891,Mark Valley,14983572.0
520,Heather Matarazzo,14969766.0
726,Jurnee Smollett-Bell,14821531.0
22,Alan Ruck,14793904.0
870,Maika Monroe,14673301.0
246,Chris Marquette,14589444.0
1164,Rosanna Arquette,14587732.0
292,Craig T. Nelson,14570602.0
72,Andrew Robinson,14564027.0
1329,Tisha Campbell-Martin,14545844.0
1334,Tom Atkins,14400000.0
203,Carol Kane,14375181.0
1126,Richard Epcar,14358033.0
1292,Talisa Soto,14294842.0
1063,Paul Brooke,14131298.0
472,Gabriel Millman,14060950.0
814,Lee Majors,13903262.0
1003,Naseeruddin Shah,13876974.0
1418,Yuki Matsuzaki,13753931.0
883,Maribel Verdú,13622333.0
1161,Ron Howard,13596911.0
1085,Peter Serafinowicz,13464388.0
569,James Callis,13391174.0
498,Greg Germann,13367101.0
634,Jessica Lowndes,13350177.0
652,Joe Cocker,13300000.0
2,Aasif Mandvi,13214030.0
312,Daniel Stern,13034417.0
925,Meg Foster,13008928.0
818,Lena Horne,13000000.0
137,Bill Maher,12995673.0
140,Billy Campbell,12870569.0
1419,Yuri Lowenthal,12701880.0
1084,Peter Mensah,12610731.0
482,George Coe,12610552.0
430,Eric Sheffer Stevens,12555230.0
145,Blair Underwood,12339633.0
1079,Peter Fonda,12247838.0
1299,Taylor Cole,12232937.0
879,Marco Treviño,12188642.0
690,Jon Foo,11905519.0
812,Lea Michele,11860839.0
230,Chase Ellison,11703287.0
319,Danny Strong,11702090.0
281,Common,11694528.0
1291,Takeshi Kaneshiro,11668037.0
1183,Saffron Burrows,11576087.0
1224,Sebastian Koch,11558956.0
75,Andy Lau,11546543.0
47,Alicia Goranson,11533945.0
235,Chemeeka Walker,11529368.0
1296,Tasha Smith,11508423.0
1059,Patricia Tallman,11501093.0
732,Jürgen Prochnow,11433134.0
729,Justin Theroux,11396858.0
1310,Terry Pheto,11237111.0
1100,Quinton Aaron,11169531.0
1357,Trevor Morgan,11144518.0
261,Christopher Masterson,11000000.0
1335,Tom Berenger,10999271.0
1362,Tyler Labine,10965209.0
1179,Ryan Kruger,10955425.0
915,Matt Smith,10907291.0
542,Indira Varma,10710174.0
221,Charles Napier,10686429.0
938,Mia Kirshner,10556196.0
1115,Rebecca Budig,10494494.0
1038,Oliver James,10411980.0
990,Monica Potter,10397365.0
1229,Shah Rukh Khan,10341677.0
654,Joe Estevez,10305534.0
1235,Shari Albert,10246600.0
31,Alex Kendrick,10174663.0
169,Brian Blessed,10161099.0
820,Leon,10149779.0
538,Ian Ziering,10137232.0
671,John Doe,10114315.0
195,Cameron Monaghan,10106233.0
77,Angell Conwell,10097096.0
184,Bunta Sugawara,10049886.0
526,Hiroshi Abe,10037390.0
369,Don Rickles,9975684.0
798,Lara Jill Miller,9628751.0
18,Aisha Tyler,9525276.0
662,Johannes Silberschneider,9473382.0
679,John Mahoney,9449219.0
491,Glen Hansard,9437933.0
1316,Thomas McDonell,9402410.0
537,Ian Whyte,9353573.0
170,Brian Bosworth,9286314.0
962,Michael Stuhlbarg,9190525.0
1211,Scott Baio,9109322.0
1127,Richard Johnson,9030581.0
1373,Vernon Wells,9003011.0
1214,Scott Grimes,8888143.0
675,John Heard,8780002.0
245,Chris Klein,8742261.0
924,Meat Loaf,8708209.0
597,Jasper Cole,8460995.0
443,Ezra Miller,8409404.0
748,Katrina Bowden,8396942.0
544,Irvin Kershner,8373585.0
399,Eddie Izzard,8301740.0
306,Daniel Kaluuya,8129455.0
1218,Seamus Davey-Fitzpatrick,8114507.0
1260,Sophie Okonedo,8111360.0
897,Martin Dew,8093318.0
342,Debbie Reynolds,8054280.0
136,Bill Johnson,8025872.0
595,Jason Robards,8000000.0
752,Keenan Wynn,8000000.0
664,John Astin,7888703.0
1401,William Gates,7830611.0
385,Dustin Milligan,7774730.0
410,Elizabeth Berrington,7757130.0
994,Moritz Bleibtreu,7743594.0
1314,Thomas Kretschmann,7705581.0
747,Kathleen Wilhoite,7369373.0
1400,William Baldwin,7362100.0
695,Jonathan Brandis,7292175.0
79,Angus Scrimm,7282851.0
659,Joel McHale,7204138.0
484,Geraldine Chaplin,7159147.0
1182,S. Epatha Merkerson,7137502.0
113,Barry Corbin,7121697.0
1230,Shahab Hosseini,7098492.0
1212,Scott Cohen,7022940.0
617,Jennifer Hudson,7017178.0
1394,Wesley Jonathan,7009668.0
964,Michel Robin,7002255.0
250,Chriss Anglin,7001720.0
862,M. Emmet Walsh,7000000.0
365,Dominic Flores,6998324.0
854,Lubna Azabal,6857096.0
311,Daniel Sharman,6842058.0
167,Brendan Fehr,6755271.0
639,Jill Clayburgh,6754898.0
334,David Margulies,6734844.0
949,Michael Greyeyes,6719300.0
346,Del Zamora,6712451.0
335,David Masterson,6615578.0
1348,Tony Chiu Wai Leung,6594136.0
421,Emir Kusturica,6576177.0
764,Kevin Alejandro,6563357.0
209,Catalina Sandino Moreno,6517198.0
500,Gregory Scott Cummins,6482195.0
273,Clive Russell,6462576.0
934,Merab Ninidze,6173485.0
350,Denis Lavant,6167817.0
1168,Roy Billing,6165429.0
459,Fran Drescher,6157157.0
28,Alessandro Nivola,6109075.0
625,Jeremy Davies,6107690.0
1303,Ted Raimi,6096110.0
788,Kristin Lehman,6047856.0
534,Ian McDiarmid,6000000.0
265,Claude Rains,6000000.0
1385,W. Earl Brown,5997134.0
1372,Vernon Dobtcheff,5792822.0
298,Damián Alcázar,5709616.0
1289,Tadanobu Asano,5701643.0
1196,Santiago Cabrera,5669081.0
1349,Tony Cox,5664251.0
1332,Todd Giebenhain,5660084.0
232,Cheech Marin,5654777.0
453,Fernanda Montenegro,5595428.0
1306,Tenzin Thuthob Tsarong,5532301.0
799,Larry David,5480230.0
952,Michael J. Pollard,5430822.0
507,Hanno Pöschl,5400000.0
12,Adriana Barraza,5383834.0
112,Barry Bostwick,5333658.0
489,Ginger Rogers,5300000.0
660,Joely Richardson,5231175.0
1149,Robert Townsend,5228617.0
920,Matthew Settle,5217498.0
531,Hugh M. Hefner,5196396.0
213,Catherine Lough Haggquist,5132655.0
930,Melanie Griffith,5032496.0
827,Levon Helm,5023275.0
194,Cameron Bright,5005883.0
457,Flavio Parenti,5004648.0
1154,Rock Hudson,5000000.0
763,Kenneth Tobey,5000000.0
1243,Sheryl Crow,4946250.0
722,Julianna Guill,4930798.0
81,Anika Noni Rose,4922166.0
853,Louise Fletcher,4884663.0
173,Bridgette Wilson-Sampras,4777007.0
940,Mia Wasikowska,4716818.0
876,Marcela Mar,4584886.0
1158,Romain Duris,4529941.0
547,Isabella Rossellini,4375806.0
355,Derek Luke,4291965.0
882,Mariah Carey,4273372.0
1018,Nicholas Rowe,4250320.0
988,Molly Parker,4239767.0
388,Dylan Authors,4234040.0
1012,Nawazuddin Siddiqui,4231500.0
218,Cem Yilmaz,4190530.0
104,Aunjanue Ellis,4186931.0
192,Callie Thorne,4142507.0
539,Iko Uwais,4105123.0
825,Lesley Manville,4071435.0
458,Florian Lukas,4063859.0
945,Michael Dudikoff,4000000.0
796,Lambert Wilson,3950029.0
1000,Najarra Townsend,3885134.0
1058,Parry Shen,3799339.0
262,Christopher Meloni,3798532.0
1107,Randy Wayne,3773863.0
295,Cécile De France,3645438.0
601,Jean-Baptiste Maunier,3629758.0
1368,Vanessa Lengies,3590010.0
790,Kristy Swanson,3559990.0
976,Min-sik Choi,3503143.0
431,Eric Stoltz,3460756.0
15,Aidan Quinn,3450545.0
372,Donald Glover,3447339.0
884,Marie-Josée Croze,3432342.0
1145,Robert Picardo,3333823.0
592,Jason Mewes,3314721.0
1387,Wanda Sykes,3293258.0
90,Antoni Corone,3273588.0
42,Alia Shawkat,3219029.0
1175,Rupert Graves,3130592.0
387,Dyan Cannon,3123749.0
932,Melissa Sagemiller,3100650.0
1034,Numan Acar,3093491.0
368,Don McKellar,3073392.0
269,Cliff Robertson,3060858.0
956,Michael McKean,3034181.0
669,John Cameron Mitchell,3029081.0
1067,Paul McGill,2957978.0
490,Gladys Cooper,2956000.0
240,Chris Eigeman,2938208.0
118,Bebe Neuwirth,2882062.0
1262,Stacy Edwards,2856622.0
23,Alanna Ubach,2850263.0
1153,Robyn Lively,2848578.0
1347,Toni Servillo,2835886.0
83,Anita Page,2808000.0
810,Lawrence Gilliard Jr.,2712293.0
1336,Tom Burke,2708188.0
279,Collin Alfredo St. Dic,2601847.0
318,Danny Pino,2483955.0
1225,Seth Gilliam,2474000.0
548,Isabelle Adjani,2353728.0
94,Ari Folman,2283276.0
375,Donny Boaz,2246000.0
398,Eddie Griffin,2223990.0
1365,Ulrich Tukur,2222647.0
376,Doona Bae,2201412.0
488,Gillian White,2185266.0
1191,Sam Waterston,2154540.0
971,Mike Tyson,2126511.0
320,Darci Kistler,2119994.0
749,Katy Mixon,2111155.0
120,Belén Rueda,2086345.0
1374,Victor Rasuk,2073984.0
1308,Terry Funk,2047570.0
198,Carlos Gallardo,2040920.0
297,Dameon Clarke,2035566.0
234,Chelcie Ross,2025238.0
418,Emily Podleski,2024854.0
1328,Tippi Hedren,2000000.0
902,Mary Elizabeth Mastrantonio,1997807.0
999,Mía Maestro,1991435.0
535,Ian McNeice,1987287.0
1258,Sook-Yin Lee,1984378.0
777,Kim Dickens,1980338.0
1022,Nicole Ari Parker,1977544.0
53,Ally Walker,1943649.0
1010,Nathalie Fay,1768416.0
33,Alex Rocco,1705139.0
419,Emily Rios,1689999.0
943,Michael Berryman,1669325.0
1251,Simon Abkarian,1652472.0
1364,Ulrich Thomsen,1647780.0
299,Damon Wayans,1646664.0
981,Miranda Richardson,1641788.0
164,Brenda Fricker,1569918.0
892,Mark Zupan,1523883.0
338,David Richmond-Peck,1506998.0
785,Konstantin Khabenskiy,1487477.0
765,Kevin Corrigan,1431334.0
1309,Terry Kiser,1400000.0
933,Mem Ferda,1357042.0
1150,Robin Lord Taylor,1316074.0
780,Kimberly J. Brown,1281176.0
1047,Omar Sy,1260917.0
580,James Wolk,1243961.0
1346,Tommy Pallotta,1227508.0
185,Burt Young,1200000.0
326,David Belle,1197786.0
19,Aksel Hennie,1196752.0
1424,Zoe Kazan,1186957.0
68,Anamaria Marinca,1185783.0
878,Marco St. John,1183354.0
8,Adam LeFevre,1141829.0
673,John F. Kennedy,1134049.0
885,Marina Golbahari,1127331.0
1103,Rachel True,1114943.0
303,Dana Delany,1100000.0
1025,Noah Danby,1098224.0
1414,Yasmine Al Massri,1060591.0
40,Alexis Dziena,1056102.0
1215,Scott Mechlowicz,1055654.0
475,Gary Lewis,1050445.0
73,Andrew Wilson,1040879.0
302,Dan Futterman,1027119.0
668,John Boyega,1024175.0
1035,Odessa Rae,1007962.0
52,Allison Dean,1001437.0
1205,Sasha Alexander,985341.0
1257,Sonja Sohn,982214.0
926,Megan Park,952620.0
107,Bahare Seddiqi,925402.0
1102,Rachel Dratch,906666.0
1095,Purva Bedi,902835.0
415,Elpidia Carrillo,886410.0
1096,Q'orianka Kilcher,883887.0
568,James Brolin,876671.0
1188,Sam Riley,871577.0
1264,Stephanie Leonidas,864959.0
391,Eamonn Walker,860002.0
682,John Robinson,856942.0
1267,Stephen Graham,797857.0
196,Campbell Scott,795126.0
1093,Phoebe Legere,792966.0
584,Jan Decleir,713413.0
116,Beau Bridges,712294.0
252,Christian Clavier,700000.0
1220,Sean Lennon,686383.0
450,Fereshteh Sadre Orafaiy,673780.0
217,Celia Imrie,671240.0
374,Dong-gun Jang,668171.0
847,Long Nguyen,638951.0
629,Jeremy W. Auman,630779.0
715,Julia Jentsch,617228.0
1338,Tom Cullen,613600.0
1097,Qi Shu,613556.0
602,Jean-Pierre Léaud,611709.0
1312,Thomas Bo Larsen,610968.0
591,Jason Marsden,594904.0
497,Greg Ayres,592014.0
1246,Shirley Henderson,586597.0
1358,Trey Parker,582024.0
115,Bashar Rahal,578527.0
817,Lena Dunham,567964.0
1417,Yorick van Wageningen,542860.0
907,Matt Bennett,535249.0
1066,Paul McCartney,515005.0
1197,Sara Forestier,513836.0
257,Christo Jivkov,499263.0
329,David Hewlett,489220.0
1391,Wei Zhao,488872.0
92,Anwar Congo,484221.0
1277,Steve Howey,480314.0
1204,Sarunyu Wongkrachang,454255.0
861,Lynn Cohen,453782.0
844,Logan Browning,444044.0
986,Mitsuo Iwata,439162.0
1233,Shane Carruth,424760.0
1403,William Hootkins,410388.0
676,John Howard,399879.0
30,Alex Huszar,375723.0
1064,Paul Guilfoyle,373967.0
1378,Vincent Gallo,365734.0
1094,Phyllida Law,352786.0
1072,Paz de la Huerta,336467.0
403,Edie Falco,334041.0
783,Kirk Fox,325491.0
381,Dreama Walker,318622.0
731,Jørgen Langhelle,313436.0
441,Eva Amurri Martino,303439.0
1083,Peter McNamara,302204.0
611,Jelena Jovanova,301305.0
38,Alexia Fast,298110.0
707,Josh Swanson,287761.0
1245,Shiri Appleby,279282.0
356,Derick Martini,277233.0
29,Alex Gibney,274661.0
1290,Takashi Shimura,269061.0
806,Lauren Ambrose,265107.0
307,Daniel London,255352.0
1053,Otto Jespersen,252652.0
989,Monica Calhoun,243347.0
1068,Paul Schneider,241816.0
316,Danny Dyer,240689.0
781,Kip Pardue,228524.0
549,Isabelle Huppert,225377.0
803,Laura Morante,223878.0
220,Charis Michelsen,203134.0
950,Michael Gross,200803.0
160,Brad William Henke,198407.0
1193,Samantha Morton,197148.0
877,Marcell Nagy,195888.0
637,Jessy Schram,194568.0
64,Amir Talai,191309.0
469,François Cluzet,183662.0
361,Divine,180483.0
709,Jossara Jinaro,178739.0
1263,Stacy Keach,171988.0
1071,Paulette Goddard,163245.0
1305,Temple Grandin,155984.0
857,Luis Tosar,146402.0
573,James Duval,145540.0
801,Lars Mikkelsen,145109.0
769,Kevin Pollak,144583.0
1074,Pelé,144431.0
909,Matt Cohen,143000.0
868,Maggie Cheung,136007.0
734,Kang-ho Song,128486.0
215,Catriona MacColl,126387.0
609,Jeffrey Falcon,124494.0
1416,Ye Liu,119922.0
1176,Rupert Grint,117190.0
166,Brendan Doogie Milewski,111300.0
449,Fay Masterson,110536.0
344,Deborah Mailman,110029.0
1023,Nirut Sirichanya,102055.0
11,Adrian Martinez,100503.0
384,Dustin Lance Black,99851.0
506,Haley Ramm,98017.0
921,Matthew Ziff,96734.0
49,Alicja Bachleda,95016.0
1265,Stephanie Szostak,92900.0
1198,Sarah Butler,92401.0
665,John August,85222.0
204,Carole Bouquet,81525.0
824,Leonor Varela,75727.0
85,Anna Friel,75078.0
1248,Si Won Choi,72413.0
968,Mike Figueroa,65087.0
1032,Nora Zehetner,62480.0
174,Brighton Sharbino,59379.0
816,Lemmy,58936.0
1026,Noah Emmerich,58214.0
243,Chris Gauthier,56129.0
991,Monique Gabriela Curnen,52850.0
1031,Nolan Gerard Funk,49494.0
1252,Simon Yam,49413.0
1113,Raymond J. Barry,47329.0
143,Bjørn Sundquist,41709.0
737,Karra Elejalde,38108.0
1423,Zak Penn,36830.0
1355,Tori Spelling,31937.0
1386,Wagner Moura,28322.0
696,Jonathan D. Mellor,27024.0
175,Brigitte Helm,26435.0
678,John Karyus,23000.0
839,Lindsay Kay Hayward,22770.0
513,Harvey Fierstein,21210.0
728,Justin Kirk,20186.0
46,Alice Olivia Clarke,19959.0
283,Connor Paolo,18469.0
736,Karl E. Landler,18435.0
1124,Richard Coyle,17149.0
405,Elaine Hendrix,15593.0
478,Gavin MacLeod,15278.0
562,Jacqueline McKenzie,13751.0
63,America Olivo,12843.0
493,Glenn Plummer,10696.0
699,Jordana Spiro,10018.0
1133,Rita Hayworth,7927.0
126,Benno Fürmann,5725.0
382,Drew Fuller,5561.0
370,Don Wallace,5199.0
1109,Rapulana Seiphemo,4958.0
642,Jim Carter,3607.0
1268,Stephen McHattie,3478.0
1298,Tatyana Ali,2468.0
739,Kate Maberly,2436.0
322,Darryl Hunt,1111.0
